3,abc1@gmail.com,1234659878545624,3,23,abc xzt
4,abc2@gmail.com,1234659878545625,4,24,abc xzt
5,abc3@gmail.com,1234659878545626,5,25,abc xzt
6,abc4@gmail.com,1234659878545627,6,24,abc xzt
7,abc5@gmail.com,1234659878545628,7,25,abc xzt
8,abc6@gmail.com,1234659878545629,8,23,abc xzt
9,abc7@gmail.com,1234659878545630,9,24,abc xzt
10,abc8@gmail.com,1234659878545631,10,25,abc xzt
11,abc9@gmail.com,1234659878545632,11,24,abc xzt
12,abc10@gmail.com,1234659878545633,12,25,abc xzt
13,abc11@gmail.com,1234659878545634,3,23,abc xzt
14,abc12@gmail.com,1234659878545635,4,24,abc xzt
15,abc13@gmail.com,1234659878545636,5,25,abc xzt
16,abc14@gmail.com,1234659878545637,6,24,abc xzt
17,abc15@gmail.com,1234659878545638,7,25,abc xzt
18,abc16@gmail.com,1234659878545639,8,23,abc xzt
19,abc17@gmail.com,1234659878545640,9,24,abc xzt
20,abc18@gmail.com,1234659878545641,10,25,abc xzt
21,abc19@gmail.com,1234659878545642,11,24,abc xzt
22,abc20@gmail.com,1234659878545643,12,25,abc xzt
23,abc21@gmail.com,1234659878545644,3,23,abc xzt
24,abc22@gmail.com,1234659878545645,4,24,abc xzt
25,abc23@gmail.com,1234659878545646,5,25,abc xzt
26,abc24@gmail.com,1234659878545647,6,24,abc xzt
27,abc25@gmail.com,1234659878545648,7,25,abc xzt
28,abc26@gmail.com,1234659878545649,8,23,abc xzt
29,abc27@gmail.com,1234659878545650,9,24,abc xzt
30,abc28@gmail.com,1234659878545651,10,25,abc xzt
31,abc29@gmail.com,1234659878545652,11,24,abc xzt
32,abc30@gmail.com,1234659878545653,12,25,abc xzt
